,area,region,year,price,totalnum,highincomeratio,population,wagemoney,wageaverage
0,경기 북부,경기 가평군,2016,212.2431728,13,5.06,63517,369899,28.16561334
1,경기 북부,경기 가평군,2017,252.1509986,13,5.0,64016,402871,28.79089545
2,경기 북부,경기 가평군,2018,214.7708736,14,4.7,63936,449246,30.06598849
3,경기 북부,경기 가평군,2019,245.7003563,15,4.6,63462,468865,29.9728313
4,경기 북부,경기 가평군,2020,241.4759855,16,5.77,63380,498275,30.53342729
5,경기 북부,경기 가평군,2021,268.0288519,17,5.92,63268,527344,30.7435434
6,경기 북부,경기 고양시,2016,406.8243703,211,7.95,1051970,5448623,25.80964719
7,경기 북부,경기 고양시,2017,418.4595601,216,7.67,1054236,5940086,27.4211814
8,경기 북부,경기 고양시,2018,433.2659704,227,7.59,1056853,6515148,28.63851672
9,경기 북부,경기 고양시,2019,451.616593,236,7.86,1078859,7017450,29.68514696
10,경기 북부,경기 고양시,2020,532.8674544,241,9.2,1090738,7390880,30.65572207
11,경기 북부,경기 고양시,2021,673.7873685,247,9.3,1090339,7783838,31.49795647
12,경기 남부,경기 과천시,2016,1073.083453,48,18.27,64013,1800039,37.1970367
13,경기 남부,경기 과천시,2017,1103.290714,46,19.84,57738,1792979,38.75705763
14,경기 남부,경기 과천시,2018,1387.3137,47,18.2,58325,1907422,39.87919716
15,경기 남부,경기 과천시,2019,1664.306821,47,20.83,58462,1955662,41.09137898
16,경기 남부,경기 과천시,2020,1805.389539,46,16.66,63397,1993436,43.27253783
17,경기 남부,경기 과천시,2021,2157.179435,46,17.85,73528,2123723,45.69111446
18,경기 남부,경기 광명시,2016,523.7139603,62,6.21,345403,2117676,33.71988153
19,경기 남부,경기 광명시,2017,590.0157399,66,6.1,338633,2297292,34.72695116
20,경기 남부,경기 광명시,2018,653.5550732,69,5.66,333114,2462691,35.30841028
21,경기 남부,경기 광명시,2019,746.8497091,73,5.62,322494,2667792,36.39155345
22,경기 남부,경기 광명시,2020,1004.775433,74,6.75,303068,2777393,37.23446214
23,경기 남부,경기 광명시,2021,1162.295804,80,6.92,296471,3215020,40.14710106
24,경기 남부,경기 광주시,2016,296.9527705,105,2.97,339837,2851522,27.12428658
25,경기 남부,경기 광주시,2017,308.7990241,108,2.88,358371,3105064,28.61071797
26,경기 남부,경기 광주시,2018,331.3361382,112,2.93,376819,3370726,30.03007706
27,경기 남부,경기 광주시,2019,354.5628095,116,3.11,385640,3654946,31.27842057
28,경기 남부,경기 광주시,2020,472.1561517,118,3.91,393954,3799877,31.98926641
29,경기 남부,경기 광주시,2021,500.3970682,119,4.07,398225,4014107,33.47041608
30,경기 북부,경기 구리시,2016,446.027642,35,10.51,195153,887689,25.27156522
31,경기 북부,경기 구리시,2017,512.1192871,37,10.02,201459,988309,26.60463551
32,경기 북부,경기 구리시,2018,538.1788599,39,9.99,204977,1092995,27.67146004
33,경기 북부,경기 구리시,2019,618.6482754,40,8.77,200755,1176512,28.72063275
34,경기 북부,경기 구리시,2020,806.1535219,42,8.42,198856,1249777,29.43560695
35,경기 북부,경기 구리시,2021,907.1233812,42,8.92,193351,1284017,30.2755653
36,경기 남부,경기 군포시,2016,431.0293775,69,6.46,291662,2028159,29.01971698
37,경기 남부,경기 군포시,2017,450.2788893,71,6.25,287988,2187947,30.47449719
38,경기 남부,경기 군포시,2018,463.0221908,73,6.03,283876,2328754,31.7901275
39,경기 남부,경기 군포시,2019,471.8004438,73,6.15,282862,2414213,32.76485757
40,경기 남부,경기 군포시,2020,585.2596119,74,6.39,280039,2526013,33.94859355
41,경기 남부,경기 군포시,2021,825.9853847,75,6.5,274100,2689209,35.51517433
42,경기 남부,경기 김포시,2016,325.3747126,127,3.07,381278,3444104,26.9339965
43,경기 남부,경기 김포시,2017,362.6157221,135,2.79,410432,3873103,28.49189698
44,경기 남부,경기 김포시,2018,373.4456637,145,2.82,443019,4323919,29.66403683
45,경기 남부,경기 김포시,2019,387.7326798,154,3.01,457556,4772340,30.79823174
46,경기 남부,경기 김포시,2020,499.0578031,161,4.06,492766,5111415,31.74653897
47,경기 남부,경기 김포시,2021,607.6964099,167,4.51,504267,5533964,33.13373928
48,경기 북부,경기 남양주시,2016,323.635323,114,3.37,668696,2743191,23.91789314
49,경기 북부,경기 남양주시,2017,330.5872524,121,3.27,672120,3058187,25.1355081
50,경기 북부,경기 남양주시,2018,343.3881004,130,3.2,688965,3478985,26.56484324
51,경기 북부,경기 남양주시,2019,404.6931993,139,3.44,709307,3869089,27.73301938
52,경기 북부,경기 남양주시,2020,473.0185477,147,4.17,720462,4225134,28.72618861
53,경기 북부,경기 남양주시,2021,589.3768185,155,4.55,740856,4639000,29.89797694
54,경기 북부,경기 동두천시,2016,204.0485041,18,5.76,101403,454451,25.09669759
55,경기 북부,경기 동두천시,2017,204.5639836,18,5.36,100266,495031,26.46375494
56,경기 북부,경기 동두천시,2018,210.550737,19,4.82,99566,532993,27.67788337
57,경기 북부,경기 동두천시,2019,208.3354797,19,4.72,98245,560066,28.19786527
58,경기 북부,경기 동두천시,2020,223.1504563,19,5.29,97687,572441,29.02844828
59,경기 북부,경기 동두천시,2021,305.1514474,19,5.08,96860,576015,29.32418673
60,경기 남부,경기 부천시,2016,401.0458383,197,7.46,871785,5306849,26.92506228
61,경기 남부,경기 부천시,2017,436.9376543,201,7.26,871674,5682479,28.24349888
62,경기 남부,경기 부천시,2018,434.117786,206,7.35,868106,6078266,29.37950002
63,경기 남부,경기 부천시,2019,511.0226792,212,7.18,855685,6541378,30.71978097
64,경기 남부,경기 부천시,2020,590.3060297,212,8.3,842788,6686336,31.42917041
65,경기 남부,경기 부천시,2021,690.4167286,212,8.28,829846,6932224,32.58313083
66,경기 남부,경기 성남시,2016,627.1179816,414,24.05,992159,16364336,39.45228888
67,경기 남부,경기 성남시,2017,774.507638,412,23.87,984446,17146112,41.59658418
68,경기 남부,경기 성남시,2018,813.0933848,430,24.42,972280,18021803,41.87562418
69,경기 남부,경기 성남시,2019,959.6444754,452,25.09,960342,19483379,43.0950958
70,경기 남부,경기 성남시,2020,1303.202678,462,27.23,955248,20759642,44.86766835
71,경기 남부,경기 성남시,2021,1395.577015,485,28.77,945037,23619456,48.6687011
72,경기 남부,경기 수원시,2016,399.1594183,408,16.47,1231224,20432356,50.00148299
73,경기 남부,경기 수원시,2017,440.6967342,415,15.84,1240480,22205357,53.50495042
74,경기 남부,경기 수원시,2018,411.9865866,431,17.24,1242212,23553079,54.64599362
75,경기 남부,경기 수원시,2019,474.4205892,453,17.54,1235022,23784601,52.40745858
76,경기 남부,경기 수원시,2020,672.8501011,455,17.58,1221913,26330056,57.8484212
77,경기 남부,경기 수원시,2021,773.9804278,481,18.29,1216965,30733599,63.80011293
78,경기 남부,경기 시흥시,2016,311.3245926,164,3.05,434187,4981233,30.27166653
79,경기 남부,경기 시흥시,2017,312.5023404,169,3.03,451695,5440706,32.08493147
80,경기 남부,경기 시흥시,2018,335.5813575,180,3.0,483327,5969770,33.1326244
81,경기 남부,경기 시흥시,2019,354.5514721,185,3.05,508379,6367335,34.27204663
82,경기 남부,경기 시흥시,2020,435.262349,192,3.24,533305,6646229,34.49271609
83,경기 남부,경기 시흥시,2021,607.0317686,194,3.64,543553,6982595,35.85690811
84,경기 남부,경기 안산시,2016,361.8683188,254,5.81,744356,7963425,31.27572461
85,경기 남부,경기 안산시,2017,354.9551622,255,5.41,731443,8400040,32.93448813
86,경기 남부,경기 안산시,2018,349.6967401,256,5.62,717130,8829859,34.40910862
87,경기 남부,경기 안산시,2019,390.3163015,255,5.7,707385,9154486,35.84357931
88,경기 남부,경기 안산시,2020,457.9181916,254,6.34,706185,9258607,36.35331234
89,경기 남부,경기 안산시,2021,588.6879324,256,6.49,700138,9665676,37.74652046
90,경기 남부,경기 안성시,2016,205.6368167,77,3.51,192747,2381710,30.85676159
91,경기 남부,경기 안성시,2017,204.6395767,79,3.46,193442,2588953,32.7400602
92,경기 남부,경기 안성시,2018,182.1298002,81,3.6,194954,2777073,33.91679185
93,경기 남부,경기 안성시,2019,182.2745726,83,3.83,195207,2929426,35.09639622
94,경기 남부,경기 안성시,2020,229.9773724,83,4.15,198234,3083767,36.86820176
95,경기 남부,경기 안성시,2021,295.8523829,85,4.4,200408,3252913,37.97248585
96,경기 남부,경기 안양시,2016,498.4760781,187,15.53,604652,6028993,32.13046722
97,경기 남부,경기 안양시,2017,548.5957487,192,16.38,594697,6476607,33.6282906
98,경기 남부,경기 안양시,2018,566.7118151,200,16.7,584239,6951278,34.69567257
99,경기 남부,경기 안양시,2019,648.1514283,204,16.83,574464,7377196,35.99826284
100,경기 남부,경기 안양시,2020,829.8194888,209,17.68,556570,7696790,36.77905682
101,경기 남부,경기 안양시,2021,953.6117003,213,18.57,553249,8144797,38.07866046
102,경기 북부,경기 양주시,2016,241.478785,63,2.23,212811,1572722,24.78210583
103,경기 북부,경기 양주시,2017,240.8853816,65,2.32,219267,1739577,26.3892142
104,경기 북부,경기 양주시,2018,275.0384007,69,2.29,224250,1919081,27.49990686
105,경기 북부,경기 양주시,2019,273.1803911,73,2.37,229778,2101167,28.66296074
106,경기 북부,경기 양주시,2020,300.2829888,75,2.81,237370,2194726,29.12747349
107,경기 북부,경기 양주시,2021,420.9736596,78,2.81,243071,2356197,30.06235248
108,경기 남부,경기 양평군,2016,275.9355454,16,5.69,112880,447974,26.51989107
109,경기 남부,경기 양평군,2017,294.8946562,17,5.84,116698,501473,28.01368639
110,경기 남부,경기 양평군,2018,328.0899613,19,5.29,117670,558318,29.06543808
111,경기 남부,경기 양평군,2019,315.2519422,20,5.1,118374,604220,29.70453763
112,경기 남부,경기 양평군,2020,338.3167389,21,6.42,120174,651446,29.99843433
113,경기 남부,경기 양평군,2021,399.34808,22,6.77,122539,704893,30.87708616
114,경기 남부,경기 여주시,2016,239.3107939,30,5.03,114628,851071,28.32088782
115,경기 남부,경기 여주시,2017,219.7406506,31,4.58,115496,925261,29.78947199
116,경기 남부,경기 여주시,2018,222.9287767,32,4.47,115074,1015229,31.25416372
117,경기 남부,경기 여주시,2019,210.3114414,33,4.12,114659,1077502,32.32635305
118,경기 남부,경기 여주시,2020,223.3894692,33,4.54,115358,1117412,33.02923354
119,경기 남부,경기 여주시,2021,255.8094872,34,5.02,115317,1174491,33.77497556
120,경기 북부,경기 연천군,2016,205.1416229,9,5.42,46886,254528,26.84894515
121,경기 북부,경기 연천군,2017,182.4935184,9,4.89,46407,275051,28.61537661
122,경기 북부,경기 연천군,2018,170.5718078,10,5.03,45606,308944,30.02663038
123,경기 북부,경기 연천군,2019,170.5048616,11,4.38,44839,335124,29.97263214
124,경기 북부,경기 연천군,2020,155.6459897,11,5.18,44433,360708,30.85611634
125,경기 북부,경기 연천군,2021,144.2703705,11,5.6,43553,372265,31.97054277
126,경기 남부,경기 오산시,2016,276.9262998,45,4.39,216699,1159171,25.23777487
127,경기 남부,경기 오산시,2017,268.8317898,45,4.25,221865,1258758,27.64374657
128,경기 남부,경기 오산시,2018,261.4174168,49,3.98,229520,1472184,29.9626328
129,경기 남부,경기 오산시,2019,286.8989091,52,4.21,236075,1602399,30.52711893
130,경기 남부,경기 오산시,2020,358.7028527,53,5.16,238956,1694734,31.77824864
131,경기 남부,경기 오산시,2021,505.8634438,57,5.3,238579,1879842,32.5570142
132,경기 남부,경기 용인시,2016,394.7783926,280,11.67,1008012,10204075,36.42517259
133,경기 남부,경기 용인시,2017,413.1001629,290,11.77,1021007,11418041,39.35138684
134,경기 남부,경기 용인시,2018,411.0842481,314,11.78,1053522,12017692,38.16727591
135,경기 남부,경기 용인시,2019,481.9579442,331,11.9,1078591,12771161,38.51340609
136,경기 남부,경기 용인시,2020,641.8625306,340,13.64,1090907,13703417,40.27680311
137,경기 남부,경기 용인시,2021,717.8567813,348,13.53,1093665,15470259,44.38831233
138,경기 남부,경기 의왕시,2016,498.4838567,34,12.94,157997,1129696,32.30471833
139,경기 남부,경기 의왕시,2017,543.9934542,35,13.45,156957,1209963,33.82903235
140,경기 남부,경기 의왕시,2018,498.0852874,35,13.6,155084,1284853,35.71714897
141,경기 남부,경기 의왕시,2019,594.6389014,37,13.91,162344,1366784,36.41164717
142,경기 남부,경기 의왕시,2020,783.3865911,39,15.86,164857,1407205,35.59840627
143,경기 남부,경기 의왕시,2021,899.9547173,40,15.98,164363,1505251,36.87533072
144,경기 북부,경기 의정부시,2016,312.6636889,70,9.53,442303,1944150,27.63971623
145,경기 북부,경기 의정부시,2017,320.5061429,73,9.72,445700,2111634,28.61913152
146,경기 북부,경기 의정부시,2018,336.2729036,78,9.21,451542,2319313,29.59364314
147,경기 북부,경기 의정부시,2019,334.2328859,82,9.3,456776,2527909,30.56980639
148,경기 북부,경기 의정부시,2020,397.9768063,84,9.33,466455,2679040,31.60102386
149,경기 북부,경기 의정부시,2021,543.0366473,88,9.28,468339,2847528,32.18818742
150,경기 남부,경기 이천시,2016,270.6981008,87,5.35,216831,4176277,47.56579727
151,경기 남부,경기 이천시,2017,270.6015158,92,5.32,220021,4202575,45.5741536
152,경기 남부,경기 이천시,2018,273.7619967,97,4.0,221585,5218821,53.44305288
153,경기 남부,경기 이천시,2019,281.9462416,103,3.99,223349,5975349,57.46964626
154,경기 남부,경기 이천시,2020,314.2456133,106,4.85,225418,5545617,52.16262204
155,경기 남부,경기 이천시,2021,323.3436045,105,4.67,229854,6189894,58.5305092
156,경기 북부,경기 파주시,2016,290.4317547,129,4.65,441019,3468265,26.8481046
157,경기 북부,경기 파주시,2017,307.1230325,133,4.55,448524,3754978,28.15797051
158,경기 북부,경기 파주시,2018,311.5085103,139,4.56,463122,4093596,29.27238014
159,경기 북부,경기 파주시,2019,317.471872,145,4.58,465612,4405038,30.32331743
160,경기 북부,경기 파주시,2020,345.7283226,148,5.2,476272,4614053,31.02676986
161,경기 북부,경기 파주시,2021,491.5947047,153,5.54,493503,4965438,32.25609011
162,경기 남부,경기 평택시,2016,273.8116294,162,5.13,490767,5600903,34.39449654
163,경기 남부,경기 평택시,2017,262.2332944,180,4.94,502870,6612527,36.68164622
164,경기 남부,경기 평택시,2018,253.490647,186,4.62,518672,7052283,37.72383856
165,경기 남부,경기 평택시,2019,277.4804724,192,4.57,537135,7421560,38.64248635
166,경기 남부,경기 평택시,2020,358.3368369,199,4.67,560475,7738903,38.70109419
167,경기 남부,경기 평택시,2021,394.1775286,207,5.01,588046,8247663,39.65737379
168,경기 북부,경기 포천시,2016,199.3717574,74,3.15,167312,1866769,24.91583359
169,경기 북부,경기 포천시,2017,208.7683238,76,3.28,165339,2046370,26.59142887
170,경기 북부,경기 포천시,2018,214.8357306,79,3.35,163474,2230807,28.17636063
171,경기 북부,경기 포천시,2019,226.7866812,80,3.38,161643,2397084,29.65073475
172,경기 북부,경기 포천시,2020,208.9867003,83,3.62,159389,2535163,30.49673399
173,경기 북부,경기 포천시,2021,284.4336414,83,3.77,160209,2678808,31.94838279
174,경기 남부,경기 하남시,2016,489.8696504,50,5.54,212941,1286988,25.55575854
175,경기 남부,경기 하남시,2017,610.2263978,54,4.97,234634,1482753,27.22995978
176,경기 남부,경기 하남시,2018,629.7803059,61,4.8,256760,1730660,28.36403566
177,경기 남부,경기 하남시,2019,795.878004,71,4.74,274734,2099787,29.43392815
178,경기 남부,경기 하남시,2020,1150.394396,80,7.53,295620,2438993,30.30821518
179,경기 남부,경기 하남시,2021,1257.519313,90,8.1,322271,2901162,32.01706157
180,경기 남부,경기 화성시,2016,319.3934917,348,7.94,675575,12575621,36.03887421
181,경기 남부,경기 화성시,2017,371.0742242,370,8.34,727602,13975303,37.72072692
182,경기 남부,경기 화성시,2018,368.3177707,397,8.76,798100,15459805,38.89934353
183,경기 남부,경기 화성시,2019,473.3394445,414,8.73,855949,16474811,39.78865521
184,경기 남부,경기 화성시,2020,615.8071941,429,8.79,892884,17363575,40.39571977
185,경기 남부,경기 화성시,2021,719.4701552,450,9.97,922092,19040299,42.30575874
186,인천,인천 중구,2016,255.7035,66,3.56,119434,2241096,33.55938904
187,인천,인천 중구,2017,260.9989,68,3.25,121838,2425669,35.54302084
188,인천,인천 중구,2018,255.4499,75,3.68,126522,2743133,36.39700399
189,인천,인천 중구,2019,252.7541,78,3.44,139385,2963297,37.53479505
190,인천,인천 중구,2020,270.7755,84,3.29,143656,3164691,37.31770907
191,인천,인천 중구,2021,337.4467,85,3.41,147535,3306920,38.72725143
192,인천,인천 동구,2016,254.8579,35,2.48,71915,1829426,52.15457422
193,인천,인천 동구,2017,260.6187,35,2.4,70387,1866477,52.84476217
194,인천,인천 동구,2018,261.9244,35,2.34,67161,1942430,54.29118453
195,인천,인천 동구,2019,263.1084,36,2.49,65362,1990127,54.6033144
196,인천,인천 동구,2020,270.577,36,2.33,63397,1997912,55.28715721
197,인천,인천 동구,2021,362.5864,36,2.45,62335,2173982,60.1544549
198,인천,인천 미추홀구,2016,261.5168,75,9.29,424869,1899499,25.1769345
199,인천,인천 미추홀구,2017,271.3801,77,9.07,427604,2025887,26.13879105
200,인천,인천 미추홀구,2018,277.4624,82,8.75,425471,2255050,27.17189609
201,인천,인천 미추홀구,2019,278.1297,82,8.81,418494,2368327,28.62580076
202,인천,인천 미추홀구,2020,295.6159,87,8.92,413246,2443483,28.06826719
203,인천,인천 미추홀구,2021,366.9260884,89,8.93,416551,2756818,30.69337995
204,인천,인천 연수구,2016,377.325,75,9.77,336256,2621332,34.72882883
205,인천,인천 연수구,2017,395.6911,80,8.99,344277,2873924,35.9137248
206,인천,인천 연수구,2018,402.279,87,9.45,357362,3321949,37.78290985
207,인천,인천 연수구,2019,404.1296,95,9.5,379727,3696158,38.52974044
208,인천,인천 연수구,2020,476.9092,102,10.28,399869,4085206,39.69533785
209,인천,인천 연수구,2021,718.8771,121,10.36,402103,5126259,42.12832629
210,인천,인천 남동구,2016,321.5686,200,6.02,543038,6229908,31.01601605
211,인천,인천 남동구,2017,330.5115,203,6.04,548759,6609944,32.50941355
212,인천,인천 남동구,2018,334.9811,204,5.97,549691,6907141,33.71195342
213,인천,인천 남동구,2019,337.2051,210,6.28,545131,7369848,35.01414848
214,인천,인천 남동구,2020,382.5633,211,6.53,536938,7608369,35.95841447
215,인천,인천 남동구,2021,519.2948,215,6.53,529200,7979475,36.96545957
216,인천,인천 부평구,2016,340.7569,110,8.16,560649,4030398,36.60204879
217,인천,인천 부평구,2017,353.3688,110,7.86,552162,4021659,36.34839392
218,인천,인천 부평구,2018,357.1712,112,8.37,538137,4120228,36.61838995
219,인천,인천 부평구,2019,363.2309,111,8.18,526126,3994464,35.95862628
220,인천,인천 부평구,2020,409.1052,111,9.94,508881,4092601,36.77222003
221,인천,인천 부평구,2021,569.9727,114,9.95,500546,4286166,37.37337926
222,인천,인천 계양구,2016,309.9362,53,5.4,333344,1218723,22.79648716
223,인천,인천 계양구,2017,318.6467,54,4.97,326892,1332994,24.25874902
224,인천,인천 계양구,2018,319.0054,56,4.92,315903,1468409,25.98126261
225,인천,인천 계양구,2019,325.7841,58,4.45,306817,1578667,26.95627006
226,인천,인천 계양구,2020,345.1596,58,4.93,299904,1632128,28.00590274
227,인천,인천 계양구,2021,480.2741,60,4.58,298802,1741976,29.0319656
228,인천,인천 서구,2016,295.5531,150,5.24,522360,4526015,30.0707917
229,인천,인천 서구,2017,293.5276,156,5.29,527935,4927014,31.43551495
230,인천,인천 서구,2018,289.8403,168,5.36,551311,5455006,32.37219377
231,인천,인천 서구,2019,295.6786,177,5.48,557415,5878057,33.20204588
232,인천,인천 서구,2020,333.9587,189,5.9,553890,6150643,32.38322461
233,인천,인천 서구,2021,450.5525,188,6.19,566676,6653980,35.26613985
234,인천,인천 강화군,2016,194.74,12,5.29,68785,342154,27.88541157
235,인천,인천 강화군,2017,184.78,13,4.83,69543,377177,28.97795022
236,인천,인천 강화군,2018,198.03,14,4.59,69726,432176,29.93323175
237,인천,인천 강화군,2019,187.44,15,4.39,70037,488001,31.32428269
238,인천,인천 강화군,2020,205.03,16,5.32,70025,516507,32.26152405
239,인천,인천 강화군,2021,205.3,16,5.12,70456,534689,33.18164329
240,서울 북부,서울 종로구,2016,660.1989,2,3.07,21522,109368,38.30753065
241,서울 북부,서울 종로구,2017,698.419,2,2.97,21741,103059,38.91956193
242,서울 북부,서울 종로구,2018,792.8808,2,3.81,21227,110529,41.11941964
243,서울 북부,서울 종로구,2019,845.2514,2,3.52,20791,122250,42.80462185
244,서울 북부,서울 종로구,2020,970.6298,3,3.71,20670,132351,43.35113004
245,서울 북부,서울 종로구,2021,1113.3293,3,3.58,20535,122098,40.00589777
246,서울 북부,서울 중구,2016,708.4172,934,22.1,152737,31923059,34.17110784
247,서울 북부,서울 중구,2017,772.075,941,22.68,154770,34245074,36.36975895
248,서울 북부,서울 중구,2018,940.9532,955,22.63,153065,36665195,38.37065553
249,서울 북부,서울 중구,2019,1003.0189,960,24.08,151290,38565957,40.15551298
250,서울 북부,서울 중구,2020,1209.0931,920,26.32,149384,39330872,42.70457623
251,서울 북부,서울 중구,2021,1378.0933,955,25.22,144683,45807519,47.91887244
252,서울 북부,서울 용산구,2016,891.3016,98,30.94,125249,2998431,30.30677408
253,서울 북부,서울 용산구,2017,992.6263,109,29.27,125709,4060219,37.03160285
254,서울 북부,서울 용산구,2018,1261.0694,111,28.66,125725,4337675,38.92944967
255,서울 북부,서울 용산구,2019,1338.7795,114,29.08,126171,4542571,39.52880315
256,서울 북부,서울 용산구,2020,1493.9053,121,32.94,125240,4818585,39.79867684
257,서울 북부,서울 용산구,2021,1764.2415,123,35.21,122499,5096516,41.35943193
258,서울 북부,서울 성동구,2016,686.3873,37,20.11,230241,917224,24.55293519
259,서울 북부,서울 성동구,2017,783.8104,38,24.92,229161,972996,25.11540745
260,서울 북부,서울 성동구,2018,1003.5942,40,21.43,228999,1063496,26.28187322
261,서울 북부,서울 성동구,2019,1110.0671,41,22.78,228670,1125110,26.96747441
262,서울 북부,서울 성동구,2020,1359.2005,45,23.31,230040,1196591,26.4937673
263,서울 북부,서울 성동구,2021,1601.8051,43,24.02,222953,1218890,28.11093173
264,서울 북부,서울 광진구,2016,702.808,199,14.24,299259,6845960,34.2819085
265,서울 북부,서울 광진구,2017,805.6541,215,14.82,304808,8009447,37.24042423
266,서울 북부,서울 광진구,2018,976.2319,221,17.11,308221,8835631,39.834232
267,서울 북부,서울 광진구,2019,1113.7929,251,18.24,300889,10382464,41.31518231
268,서울 북부,서울 광진구,2020,1342.6441,274,21.51,293556,10508308,38.25501382
269,서울 북부,서울 광진구,2021,1521.4273,288,23.04,285990,11693281,40.58715459
270,서울 북부,서울 동대문구,2016,526.8799,75,10.5,357215,2169458,28.89643966
271,서울 북부,서울 동대문구,2017,560.9657,72,9.93,357703,2223689,30.66184521
272,서울 북부,서울 동대문구,2018,728.1986,74,10.43,355559,2354421,31.57922904
273,서울 북부,서울 동대문구,2019,767.1876,78,9.87,351350,2521913,32.23509938
274,서울 북부,서울 동대문구,2020,983.4261,79,10.59,346682,2576399,32.28448805
275,서울 북부,서울 동대문구,2021,1166.5652,80,10.99,339996,2692688,33.45826862
276,서울 북부,서울 중랑구,2016,457.1333,87,10.24,355069,2436690,27.78532903
277,서울 북부,서울 중랑구,2017,482.3228,86,10.0,350647,2486244,28.70454309
278,서울 북부,서울 중랑구,2018,568.3469,88,9.6,348052,2615759,29.67698347
279,서울 북부,서울 중랑구,2019,618.6683,90,9.59,346194,2803330,30.86925881
280,서울 북부,서울 중랑구,2020,776.7099,93,10.55,342837,2899545,30.91792668
281,서울 북부,서울 중랑구,2021,953.8976,93,10.42,337400,3049247,32.67272065
282,서울 북부,서울 성북구,2016,533.7418,198,4.57,411005,5805981,29.25295881
283,서울 북부,서울 성북구,2017,558.3858,195,4.46,408226,6095374,31.14047349
284,서울 북부,서울 성북구,2018,704.2436,198,4.44,403209,6322652,31.91662754
285,서울 북부,서울 성북구,2019,735.9191,193,4.33,397015,6481078,33.4160587
286,서울 북부,서울 성북구,2020,975.3975,195,5.47,394702,6756849,34.48075628
287,서울 북부,서울 성북구,2021,1124.1893,196,5.51,387350,6978554,35.58507769
288,서울 북부,서울 강북구,2016,468.847,199,6.11,450355,6116346,30.69853794
289,서울 북부,서울 강북구,2017,491.5375,205,6.72,444055,6598710,32.15588909
290,서울 북부,서울 강북구,2018,595.5994,211,7.14,435868,7064925,33.38558994
291,서울 북부,서울 강북구,2019,612.8709,215,7.99,442650,7399536,34.28997233
292,서울 북부,서울 강북구,2020,805.4048,228,9.33,437153,7845839,34.27402748
293,서울 북부,서울 강북구,2021,950.4429,233,10.03,430528,8096147,34.72863173
294,서울 북부,서울 도봉구,2016,440.1982,77,8.73,327195,2069721,26.7105579
295,서울 북부,서울 도봉구,2017,473.4939,78,8.29,324479,2191588,27.91085187
296,서울 북부,서울 도봉구,2018,562.6327,80,8.32,319164,2320724,28.73854841
297,서울 북부,서울 도봉구,2019,603.7684,82,8.22,313954,2417181,29.23537736
298,서울 북부,서울 도봉구,2020,775.2084,84,8.6,308055,2498156,29.71377596
299,서울 북부,서울 도봉구,2021,987.1063,85,9.38,299182,2578661,30.04591956
300,서울 북부,서울 노원구,2016,489.2748,43,5.41,348220,1066783,24.29365549
301,서울 북부,서울 노원구,2017,541.5046,44,5.41,344166,1124600,25.18813833
302,서울 북부,서울 노원구,2018,645.266,46,5.13,339413,1197116,25.96048837
303,서울 북부,서울 노원구,2019,678.5694,48,4.99,333362,1264056,26.21598192
304,서울 북부,서울 노원구,2020,902.5169,50,5.87,325257,1328721,26.52455384
305,서울 북부,서울 노원구,2021,1127.4081,49,6.5,317366,1376407,27.53199448
306,서울 남부,서울 은평구,2016,503.3468,101,6.49,567581,2918519,28.70777962
307,서울 남부,서울 은평구,2017,525.2778,101,6.87,554403,3107579,30.6111133
308,서울 남부,서울 은평구,2018,619.7138,102,7.64,543752,3203179,31.32172646
309,서울 남부,서울 은평구,2019,662.3838,106,6.8,532905,3406823,32.10985023
310,서울 남부,서울 은평구,2020,836.0182,103,7.83,523037,3496138,33.70876239
311,서울 남부,서울 은평구,2021,982.9757,97,8.72,510956,3316194,34.08531108
312,서울 남부,서울 서대문구,2016,540.9772,103,6.05,491476,2957579,28.66898985
313,서울 남부,서울 서대문구,2017,585.9815,84,6.03,486794,2755308,32.56980744
314,서울 남부,서울 서대문구,2018,719.6799,85,5.99,483197,2908475,33.9271758
315,서울 남부,서울 서대문구,2019,774.9831,84,5.67,480032,3025713,35.70415605
316,서울 남부,서울 서대문구,2020,976.0494,89,7.65,479835,3196918,35.77331424
317,서울 남부,서울 서대문구,2021,1133.2196,85,7.36,473307,3130214,36.59656507
318,서울 남부,서울 마포구,2016,712.8493,248,11.82,314194,7898745,31.73958555
319,서울 남부,서울 마포구,2017,782.8547,254,12.22,312800,8464190,33.24975252
320,서울 남부,서울 마포구,2018,1013.0108,254,11.87,310313,8857483,34.82865018
321,서울 남부,서울 마포구,2019,1096.3905,257,13.61,309397,9272679,36.01725765
322,서울 남부,서울 마포구,2020,1295.0322,255,14.85,312173,9485536,37.16829999
323,서울 남부,서울 마포구,2021,1524.0897,258,14.65,304819,10198953,39.51306002
324,서울 남부,서울 양천구,2016,731.2558,82,28.4,379892,3203223,38.72274607
325,서울 남부,서울 양천구,2017,796.9045,84,26.76,374915,3378342,39.76204039
326,서울 남부,서울 양천구,2018,983.58,87,27.38,375077,3515858,40.28205451
327,서울 남부,서울 양천구,2019,1060.7193,91,27.35,374035,3768232,41.12488404
328,서울 남부,서울 양천구,2020,1277.1796,91,30.18,371890,3848220,41.86078387
329,서울 남부,서울 양천구,2021,1485.9323,91,32.04,368905,3850465,42.04390601
330,서울 남부,서울 강서구,2016,590.2399,482,9.64,477739,18838665,39.00449702
331,서울 남부,서울 강서구,2017,640.6654,472,9.02,471154,19035687,40.27779141
332,서울 남부,서울 강서구,2018,807.6097,487,9.03,464185,20414538,41.90786835
333,서울 남부,서울 강서구,2019,829.4899,488,8.72,458165,21152266,43.29060541
334,서울 남부,서울 강서구,2020,990.441,484,10.07,454251,21770152,44.94705699
335,서울 남부,서울 강서구,2021,1243.7541,496,10.35,447302,23785353,47.87124166
336,서울 남부,서울 구로구,2016,505.5188,195,9.4,595485,5923547,30.32041051
337,서울 남부,서울 구로구,2017,542.2228,213,14.03,601691,7081645,33.20927299
338,서울 남부,서울 구로구,2018,668.9609,223,15.59,596949,7647958,34.29054763
339,서울 남부,서울 구로구,2019,699.6733,230,16.37,591796,8155711,35.44143005
340,서울 남부,서울 구로구,2020,888.5897,239,17.75,580185,8755085,36.62066297
341,서울 남부,서울 구로구,2021,1081.5711,243,18.74,574315,9322867,38.28189725
342,서울 남부,서울 금천구,2016,428.7399,75,24.85,417551,2263521,29.82830599
343,서울 남부,서울 금천구,2017,467.7843,76,25.21,410742,2398302,31.1633727
344,서울 남부,서울 금천구,2018,537.3214,80,24.8,404497,2580166,32.00960226
345,서울 남부,서울 금천구,2019,601.0518,82,24.17,406664,2693664,32.74573304
346,서울 남부,서울 금천구,2020,743.1683,84,25.54,404408,2823944,33.29808509
347,서울 남부,서울 금천구,2021,869.9165,85,26.94,396754,2958461,34.50864915
348,서울 남부,서울 영등포구,2016,669.2678,318,28.7,235386,10583664,33.21428033
349,서울 남부,서울 영등포구,2017,748.8189,331,28.45,235154,11448175,34.51936559
350,서울 남부,서울 영등포구,2018,979.3585,363,29.1,233917,12624628,34.7521664
351,서울 남부,서울 영등포구,2019,1058.332,374,30.1,232810,13681166,36.53981913
352,서울 남부,서울 영등포구,2020,1258.7243,392,30.3,231733,14630240,37.23228442
353,서울 남부,서울 영등포구,2021,1463.938,439,32.23,230811,16897749,38.474278
354,서울 남부,서울 동작구,2016,647.048,74,32.23,370613,2238894,30.14939402
355,서울 남부,서울 동작구,2017,726.884,74,31.62,368550,2358911,31.60172818
356,서울 남부,서울 동작구,2018,937.441,78,32.79,367778,2564995,32.66718883
357,서울 남부,서울 동작구,2019,1007.4047,79,33.6,367678,2680983,33.52485932
358,서울 남부,서울 동작구,2020,1202.4883,85,32.65,379480,2852423,33.26673586
359,서울 남부,서울 동작구,2021,1445.3551,85,35.45,376837,2825371,32.87838341
360,서울 남부,서울 관악구,2016,523.4872,530,13.63,400997,23748158,44.80040672
361,서울 남부,서울 관악구,2017,557.5066,528,13.15,396217,25021163,47.38775854
362,서울 남부,서울 관악구,2018,678.5792,544,12.66,396203,26996352,49.59009534
363,서울 남부,서울 관악구,2019,728.6507,551,13.2,395963,28076828,50.86741273
364,서울 남부,서울 관악구,2020,904.7162,562,15.77,391220,29073375,51.64505121
365,서울 남부,서울 관악구,2021,1080.5753,568,16.64,385483,32001269,56.27754457
366,서울 남부,서울 서초구,2016,1139.4347,440,8.55,506851,16490843,37.43979176
367,서울 남부,서울 서초구,2017,1299.4904,437,8.69,503297,17252918,39.39705976
368,서울 남부,서울 서초구,2018,1614.6026,442,8.39,501957,18423923,41.63033939
369,서울 남부,서울 서초구,2019,1702.4975,449,8.64,500094,19135165,42.60391503
370,서울 남부,서울 서초구,2020,1889.6891,429,9.81,495060,19471646,45.30723714
371,서울 남부,서울 서초구,2021,2291.5361,439,10.69,485699,20816203,47.33117401
372,서울 남부,서울 강남구,2016,1294.5123,53,27.7,447192,1328895,24.80716459
373,서울 남부,서울 강남구,2017,1498.0739,56,25.68,441102,1470401,26.19214806
374,서울 남부,서울 강남구,2018,1831.8681,57,26.61,433951,1611073,27.92009081
375,서울 남부,서울 강남구,2019,1950.1752,61,27.19,430826,1764065,28.86279226
376,서울 남부,서울 강남구,2020,2215.9574,64,28.88,425126,1869761,29.18309661
377,서울 남부,서울 강남구,2021,2513.3568,65,29.82,412279,1936392,29.77919262
378,서울 남부,서울 송파구,2016,843.9398,386,29.29,567115,17352746,44.92911127
379,서울 남부,서울 송파구,2017,978.8567,381,29.3,556164,18322025,48.06886573
380,서울 남부,서울 송파구,2018,1219.2924,385,29.17,542364,19660679,50.97692635
381,서울 남부,서울 송파구,2019,1339.7254,389,29.06,545169,20378028,52.35781474
382,서울 남부,서울 송파구,2020,1565.5322,373,31.24,539231,20367393,54.46482331
383,서울 남부,서울 송파구,2021,1841.7644,377,33.65,533042,21557942,57.04245782
384,서울 남부,서울 강동구,2016,670.7783,520,16.69,657831,22545137,43.29891144
385,서울 남부,서울 강동구,2017,723.4206,543,17.54,664496,23472621,43.18853083
386,서울 남부,서울 강동구,2018,896.4848,544,18.41,666635,25195903,46.23135399
387,서울 남부,서울 강동구,2019,957.2519,521,19.89,675961,25226657,48.39562866
388,서울 남부,서울 강동구,2020,1191.871,513,20.47,667960,25633311,49.93155216
389,서울 남부,서울 강동구,2021,1415.7891,517,21.51,658338,28419235,54.93975217
